,name,album,artist,release_date,length,popularity,danceability,acousticness,energy,instrumentalness,liveness,loudness,speechiness,valence,tempo
0,Rich Flex,Her Loss,drake,2022-11-04,239360,88,0.561,0.0503,0.52,1.86e-06,0.355,-9.342,0.244,0.424,153.15
1,Major Distribution,Her Loss,drake,2022-11-04,170502,87,0.908,0.0127,0.546,0.0,0.0707,-10.491,0.323,0.225,131.016
2,On BS,Her Loss,drake,2022-11-04,261544,86,0.841,0.0201,0.358,0.0,0.39,-8.368,0.591,0.329,158.014
3,BackOutsideBoyz,Her Loss,drake,2022-11-04,152962,84,0.849,0.0407,0.433,0.0,0.388,-8.434,0.316,0.395,142.11
4,Privileged Rappers,Her Loss,drake,2022-11-04,160821,84,0.934,0.00274,0.614,0.0,0.123,-7.384,0.198,0.616,144.045
5,Spin Bout U,Her Loss,drake,2022-11-04,214589,84,0.773,0.01,0.701,0.0,0.163,-6.386,0.0512,0.203,129.963
6,Hours In Silence,Her Loss,drake,2022-11-04,399154,83,0.501,0.234,0.403,0.0,0.267,-11.106,0.119,0.111,118.352
7,Treacherous Twins,Her Loss,drake,2022-11-04,180098,82,0.746,0.0782,0.517,0.0,0.137,-7.582,0.327,0.609,88.987
8,Circo Loco,Her Loss,drake,2022-11-04,236795,85,0.734,0.0102,0.605,0.0,0.317,-8.476,0.0699,0.252,103.976
9,Pussy & Millions (feat. Travis Scott),Her Loss,drake,2022-11-04,242027,86,0.749,0.0623,0.63,0.0,0.353,-6.652,0.116,0.445,122.03
10,Broke Boys,Her Loss,drake,2022-11-04,225439,83,0.642,0.0104,0.533,0.000108,0.251,-7.45,0.266,0.112,120.041
11,Middle of the Ocean,Her Loss,drake,2022-11-04,356389,82,0.466,0.18,0.703,0.0,0.422,-5.774,0.393,0.25,76.815
12,Jumbotron Shit Poppin,Her Loss,drake,2022-11-04,137151,81,0.799,0.221,0.575,0.0,0.196,-6.257,0.282,0.319,99.026
13,More M’s,Her Loss,drake,2022-11-04,221406,81,0.704,0.0405,0.504,0.000422,0.139,-6.749,0.223,0.0713,82.537
14,3AM on Glenwood,Her Loss,drake,2022-11-04,178329,79,0.475,0.0533,0.692,6.49e-06,0.18,-8.327,0.398,0.241,181.167
15,I Guess It’s Fuck Me,Her Loss,drake,2022-11-04,263988,79,0.385,0.499,0.34,1.2e-05,0.196,-11.754,0.051,0.0398,83.947
16,Intro,"Honestly, Nevermind",drake,2022-06-17,36935,61,0.193,0.955,0.0218,0.88,0.117,-31.16,0.0389,0.213,125.501
17,Falling Back,"Honestly, Nevermind",drake,2022-06-17,266179,69,0.718,0.238,0.758,0.00653,0.11,-8.29,0.0703,0.349,118.989
18,Texts Go Green,"Honestly, Nevermind",drake,2022-06-17,308820,68,0.765,0.000916,0.627,0.195,0.0847,-4.607,0.0622,0.536,118.997
19,Currents,"Honestly, Nevermind",drake,2022-06-17,157390,67,0.883,0.104,0.283,0.00167,0.0935,-12.653,0.113,0.416,122.013
20,A Keeper,"Honestly, Nevermind",drake,2022-06-17,173097,71,0.6,0.512,0.482,0.000104,0.115,-11.596,0.0701,0.323,121.909
21,Calling My Name,"Honestly, Nevermind",drake,2022-06-17,129965,68,0.826,0.62,0.276,8.53e-05,0.118,-11.227,0.266,0.484,123.985
22,Sticky,"Honestly, Nevermind",drake,2022-06-17,243228,81,0.853,0.0917,0.495,0.000217,0.0844,-14.63,0.14,0.0774,137.027
23,Massive,"Honestly, Nevermind",drake,2022-06-17,336924,76,0.499,0.114,0.671,0.0169,0.148,-6.774,0.0561,0.0557,124.994
24,Flight's Booked,"Honestly, Nevermind",drake,2022-06-17,254407,67,0.593,0.886,0.41,0.0993,0.115,-13.097,0.0531,0.201,122.584
25,Overdrive,"Honestly, Nevermind",drake,2022-06-17,202451,64,0.502,0.444,0.645,0.00964,0.107,-10.611,0.122,0.518,109.739
26,Down Hill,"Honestly, Nevermind",drake,2022-06-17,250865,61,0.718,0.965,0.319,0.00036,0.0895,-11.261,0.0435,0.639,109.994
27,Tie That Binds,"Honestly, Nevermind",drake,2022-06-17,336005,63,0.775,0.0176,0.688,0.0917,0.108,-10.912,0.0593,0.284,120.017
28,Liability,"Honestly, Nevermind",drake,2022-06-17,237933,66,0.557,0.268,0.706,0.0,0.132,-6.592,0.0649,0.582,105.013
29,Jimmy Cooks (feat. 21 Savage),"Honestly, Nevermind",drake,2022-06-17,218365,90,0.529,0.000307,0.673,2.41e-06,0.093,-4.711,0.175,0.366,165.921
30,Champagne Poetry,Certified Lover Boy,drake,2021-09-03,336511,76,0.423,0.758,0.667,0.0,0.246,-7.012,0.326,0.496,86.743
31,Papi’s Home,Certified Lover Boy,drake,2021-09-03,178623,69,0.701,0.112,0.741,0.0,0.699,-6.157,0.313,0.588,140.177
32,Girls Want Girls (with Lil Baby),Certified Lover Boy,drake,2021-09-03,221980,78,0.767,0.181,0.438,0.0,0.142,-8.726,0.29,0.381,86.975
33,In The Bible (with Lil Durk & Giveon),Certified Lover Boy,drake,2021-09-03,296568,70,0.686,0.614,0.385,0.0,0.131,-8.35,0.297,0.147,143.07
34,Love All (with JAY-Z),Certified Lover Boy,drake,2021-09-03,228461,71,0.73,0.354,0.576,3.59e-05,0.15,-5.442,0.287,0.155,92.131
35,Fair Trade (with Travis Scott),Certified Lover Boy,drake,2021-09-03,291175,82,0.666,0.0503,0.465,0.0,0.215,-8.545,0.26,0.292,167.937
36,Way 2 Sexy (with Future & Young Thug),Certified Lover Boy,drake,2021-09-03,257605,79,0.803,0.000619,0.597,4.5e-06,0.323,-6.035,0.141,0.331,136.008
37,TSU,Certified Lover Boy,drake,2021-09-03,308756,72,0.568,0.228,0.56,3.05e-06,0.39,-9.059,0.42,0.246,130.019
38,N 2 Deep,Certified Lover Boy,drake,2021-09-03,273578,68,0.507,0.0518,0.429,0.0,0.109,-7.726,0.326,0.0744,91.0
39,Pipe Down,Certified Lover Boy,drake,2021-09-03,205721,70,0.518,0.128,0.69,0.0,0.176,-6.15,0.107,0.59,77.837
40,Yebba’s Heartbreak,Certified Lover Boy,drake,2021-09-03,133763,78,0.476,0.967,0.161,0.0381,0.109,-11.665,0.0407,0.0908,119.614
41,No Friends In The Industry,Certified Lover Boy,drake,2021-09-03,204347,73,0.84,0.0181,0.744,0.0,0.629,-4.751,0.113,0.171,83.737
42,Knife Talk (with 21 Savage ft. Project Pat),Certified Lover Boy,drake,2021-09-03,242966,84,0.849,0.0635,0.424,0.0,0.0834,-9.579,0.324,0.153,145.887
43,7am On Bridle Path,Certified Lover Boy,drake,2021-09-03,239635,64,0.724,0.225,0.531,0.0,0.11,-4.108,0.298,0.141,89.901
44,Race My Mind,Certified Lover Boy,drake,2021-09-03,269884,67,0.488,0.179,0.635,8.16e-06,0.156,-7.19,0.26,0.783,174.072
45,Fountains (with Tems),Certified Lover Boy,drake,2021-09-03,192418,71,0.843,0.181,0.485,0.0675,0.107,-8.735,0.195,0.689,100.053
46,Get Along Better,Certified Lover Boy,drake,2021-09-03,229304,71,0.32,0.00645,0.466,0.0,0.133,-6.77,0.0374,0.338,177.693
47,You Only Live Twice (with Lil Wayne & Rick Ross),Certified Lover Boy,drake,2021-09-03,213104,65,0.519,0.118,0.851,0.0,0.178,-6.001,0.29,0.711,123.823
48,IMY2 (with Kid Cudi),Certified Lover Boy,drake,2021-09-03,252379,69,0.59,0.402,0.493,0.00504,0.129,-8.704,0.0367,0.0498,150.026
49,F*****g Fans,Certified Lover Boy,drake,2021-09-03,245131,63,0.783,0.213,0.416,0.0,0.103,-9.84,0.135,0.165,87.073
50,The Remorse,Certified Lover Boy,drake,2021-09-03,351220,59,0.473,0.812,0.53,6.92e-06,0.227,-8.506,0.249,0.637,74.732
51,Deep Pockets,Dark Lane Demo Tapes,drake,2020-05-01,222929,56,0.473,0.482,0.824,0.0,0.605,-3.68,0.163,0.374,77.888
52,When To Say When,Dark Lane Demo Tapes,drake,2020-05-01,223124,59,0.41,0.252,0.82,0.0,0.538,-6.808,0.533,0.526,170.718
53,Chicago Freestyle (feat. Giveon),Dark Lane Demo Tapes,drake,2020-05-01,220488,82,0.735,0.629,0.449,0.0,0.113,-7.507,0.347,0.0397,122.947
54,Not You Too (feat. Chris Brown),Dark Lane Demo Tapes,drake,2020-05-01,269680,69,0.458,0.342,0.452,1.94e-05,0.0703,-9.299,0.047,0.316,86.318
55,Toosie Slide,Dark Lane Demo Tapes,drake,2020-05-01,247059,68,0.83,0.289,0.49,3.04e-06,0.113,-8.82,0.209,0.845,81.604
56,Desires (with Future),Dark Lane Demo Tapes,drake,2020-05-01,237946,65,0.812,0.281,0.506,0.0,0.325,-7.706,0.116,0.554,145.074
57,Time Flies,Dark Lane Demo Tapes,drake,2020-05-01,192932,76,0.864,0.201,0.477,0.0,0.182,-5.786,0.224,0.5,86.46
58,Landed,Dark Lane Demo Tapes,drake,2020-05-01,152195,58,0.881,0.00606,0.636,0.0,0.111,-4.629,0.287,0.715,163.949
59,D4L,Dark Lane Demo Tapes,drake,2020-05-01,189176,60,0.718,0.0128,0.706,0.0,0.352,-5.709,0.06,0.815,170.004
60,Pain 1993 (with Playboi Carti),Dark Lane Demo Tapes,drake,2020-05-01,149078,68,0.825,0.163,0.373,0.0,0.368,-5.532,0.108,0.12,77.271
61,Losses,Dark Lane Demo Tapes,drake,2020-05-01,271184,55,0.551,0.28,0.57,0.0,0.424,-7.385,0.351,0.505,85.687
62,From Florida With Love,Dark Lane Demo Tapes,drake,2020-05-01,234783,62,0.787,0.768,0.477,0.0,0.104,-7.837,0.199,0.476,80.506
63,Demons (feat. Fivio Foreign & Sosa Geek),Dark Lane Demo Tapes,drake,2020-05-01,204805,61,0.543,0.423,0.766,0.0,0.155,-3.387,0.343,0.729,106.869
64,War,Dark Lane Demo Tapes,drake,2020-05-01,180000,64,0.749,0.292,0.792,0.0,0.109,-4.151,0.0826,0.239,144.064
65,Dreams Money Can Buy,Care Package,drake,2019-08-02,253803,55,0.423,0.765,0.587,0.0,0.114,-6.635,0.529,0.33,180.331
66,The Motion,Care Package,drake,2019-08-02,240957,60,0.631,0.371,0.788,0.000317,0.108,-7.142,0.102,0.544,157.769
67,How Bout Now,Care Package,drake,2019-08-02,235566,66,0.789,0.205,0.404,0.0,0.219,-8.364,0.23,0.472,122.062
68,Trust Issues,Care Package,drake,2019-08-02,281519,78,0.421,0.779,0.539,0.0,0.111,-5.456,0.274,0.523,89.177
69,Days in The East,Care Package,drake,2019-08-02,353698,54,0.733,0.348,0.361,0.000285,0.0942,-11.129,0.135,0.0361,94.902
70,Draft Day,Care Package,drake,2019-08-02,266325,51,0.673,0.0322,0.81,0.0,0.133,-3.793,0.36,0.564,166.084
71,4pm in Calabasas,Care Package,drake,2019-08-02,240218,56,0.743,0.115,0.66,0.0,0.101,-4.802,0.418,0.549,192.031
72,5 Am in Toronto,Care Package,drake,2019-08-02,205264,58,0.555,0.0678,0.88,0.0,0.0723,-4.325,0.265,0.391,87.195
73,I Get Lonely,Care Package,drake,2019-08-02,253562,53,0.477,0.706,0.501,5.61e-06,0.0953,-9.178,0.0398,0.689,81.376
74,My Side,Care Package,drake,2019-08-02,294651,48,0.549,0.603,0.495,7.26e-06,0.0979,-5.661,0.133,0.385,81.012
75,Jodeci Freestyle (feat. J. Cole),Care Package,drake,2019-08-02,254022,52,0.498,0.0111,0.844,0.0,0.102,-2.834,0.268,0.282,88.435
76,Club Paradise,Care Package,drake,2019-08-02,283816,53,0.338,0.758,0.729,3.24e-05,0.18,-6.419,0.102,0.543,184.174
77,Free Spirit (feat. Rick Ross),Care Package,drake,2019-08-02,252884,51,0.508,0.281,0.748,0.0,0.168,-4.997,0.33,0.225,100.414
78,Heat Of The Moment,Care Package,drake,2019-08-02,343455,46,0.641,0.179,0.454,0.000116,0.065,-8.344,0.133,0.302,78.036
79,Girls Love Beyoncé (feat. James Fauntleroy),Care Package,drake,2019-08-02,225012,60,0.619,0.782,0.489,0.0,0.106,-11.25,0.46,0.328,126.046
80,Paris Morton Music,Care Package,drake,2019-08-02,251240,55,0.505,0.414,0.494,7.98e-05,0.105,-8.635,0.315,0.141,171.978
81,Can I,Care Package,drake,2019-08-02,189289,66,0.643,0.484,0.178,0.0108,0.122,-8.56,0.0588,0.0674,85.042
82,Moscow Mule,Un Verano Sin Ti,badbunny,2022-05-06,245940,92,0.804,0.294,0.674,1.18e-06,0.115,-5.453,0.0333,0.292,99.968
83,Después de la Playa,Un Verano Sin Ti,badbunny,2022-05-06,230400,86,0.564,0.356,0.903,0.0,0.175,-3.221,0.307,0.607,78.293
84,Me Porto Bonito,Un Verano Sin Ti,badbunny,2022-05-06,178567,95,0.911,0.0901,0.712,2.68e-05,0.0933,-5.105,0.0817,0.425,92.005
85,Tití Me Preguntó,Un Verano Sin Ti,badbunny,2022-05-06,243717,95,0.65,0.0993,0.715,0.000291,0.126,-5.198,0.253,0.187,106.672
86,Un Ratito,Un Verano Sin Ti,badbunny,2022-05-06,176936,85,0.787,0.305,0.546,4.55e-05,0.122,-7.094,0.0532,0.222,93.05
87,Yo No Soy Celoso,Un Verano Sin Ti,badbunny,2022-05-06,230704,83,0.872,0.275,0.588,0.0,0.17,-6.276,0.0492,0.93,142.004
88,Tarot,Un Verano Sin Ti,badbunny,2022-05-06,237895,89,0.795,0.0225,0.684,0.0,0.658,-3.971,0.0419,0.419,114.011
89,Neverita,Un Verano Sin Ti,badbunny,2022-05-06,173119,91,0.876,0.0706,0.498,0.0,0.143,-7.511,0.0478,0.428,122.016
90,La Corriente,Un Verano Sin Ti,badbunny,2022-05-06,198367,88,0.663,0.229,0.786,0.0,0.219,-3.51,0.195,0.579,196.12
91,Efecto,Un Verano Sin Ti,badbunny,2022-05-06,213061,94,0.801,0.141,0.475,1.73e-05,0.0639,-8.797,0.0516,0.234,98.047
92,Party,Un Verano Sin Ti,badbunny,2022-05-06,227629,88,0.829,0.0151,0.799,0.000543,0.242,-5.389,0.0897,0.471,97.013
93,Aguacero,Un Verano Sin Ti,badbunny,2022-05-06,210989,82,0.861,0.423,0.645,0.000592,0.349,-6.96,0.0743,0.668,121.391
94,Enséñame a Bailar,Un Verano Sin Ti,badbunny,2022-05-06,176000,82,0.81,0.191,0.789,1.08e-05,0.467,-5.08,0.0846,0.77,105.009
95,Ojitos Lindos,Un Verano Sin Ti,badbunny,2022-05-06,258299,93,0.647,0.08,0.686,1.34e-06,0.528,-5.745,0.0413,0.268,79.928
96,Dos Mil 16,Un Verano Sin Ti,badbunny,2022-05-06,208615,84,0.817,0.123,0.67,1.92e-06,0.128,-6.534,0.0506,0.495,130.058
97,El Apagón,Un Verano Sin Ti,badbunny,2022-05-06,201816,81,0.629,0.0509,0.698,0.00166,0.0909,-4.485,0.308,0.599,117.765
98,Otro Atardecer,Un Verano Sin Ti,badbunny,2022-05-06,244444,83,0.777,0.59,0.595,0.00139,0.0669,-6.79,0.0375,0.546,108.02
99,Un Coco,Un Verano Sin Ti,badbunny,2022-05-06,196413,86,0.839,0.207,0.69,8.33e-06,0.176,-4.464,0.0615,0.744,151.991
100,Andrea,Un Verano Sin Ti,badbunny,2022-05-06,339612,84,0.797,0.762,0.616,0.000293,0.0979,-10.229,0.375,0.451,103.071
101,Me Fui de Vacaciones,Un Verano Sin Ti,badbunny,2022-05-06,180930,82,0.714,0.229,0.645,0.00083,0.0942,-5.493,0.0514,0.434,85.046
102,Un Verano Sin Ti,Un Verano Sin Ti,badbunny,2022-05-06,148143,83,0.503,0.693,0.496,0.0,0.123,-9.123,0.0556,0.412,187.844
103,Agosto,Un Verano Sin Ti,badbunny,2022-05-06,139041,82,0.849,0.0929,0.584,6.18e-06,0.492,-8.195,0.115,0.724,115.018
104,Callaita,Un Verano Sin Ti,badbunny,2022-05-06,250534,79,0.608,0.597,0.626,2.16e-06,0.25,-4.773,0.301,0.246,176.086
105,SI ELLA SALE,LAS QUE NO IBAN A SALIR,badbunny,2020-05-10,143240,60,0.869,0.0589,0.727,0.00991,0.107,-7.397,0.123,0.92,147.967
106,MÁS DE UNA CITA,LAS QUE NO IBAN A SALIR,badbunny,2020-05-10,183520,64,0.865,0.0122,0.5,7.73e-05,0.098,-10.805,0.0861,0.317,92.976
107,BYE ME FUI,LAS QUE NO IBAN A SALIR,badbunny,2020-05-10,178000,70,0.712,0.412,0.599,2.15e-05,0.103,-6.342,0.112,0.588,179.788
108,CANCIÓN CON YANDEL,LAS QUE NO IBAN A SALIR,badbunny,2020-05-10,209180,75,0.75,0.447,0.741,0.0,0.121,-4.43,0.402,0.495,79.968
109,PA' ROMPERLA,LAS QUE NO IBAN A SALIR,badbunny,2020-05-10,194200,69,0.772,0.016,0.83,0.0,0.0843,-5.019,0.0599,0.697,94.011
110,BAD CON NICKY,LAS QUE NO IBAN A SALIR,badbunny,2020-05-10,202240,67,0.59,0.321,0.729,0.0,0.659,-4.95,0.0893,0.712,93.094
111,BENDICIONES,LAS QUE NO IBAN A SALIR,badbunny,2020-05-10,155060,66,0.828,0.0378,0.581,0.0,0.103,-9.909,0.0725,0.843,143.995
112,CÓMO SE SIENTE - Remix,LAS QUE NO IBAN A SALIR,badbunny,2020-05-10,227520,81,0.807,0.0946,0.606,0.0,0.119,-8.871,0.088,0.304,92.988
113,RONCA FREESTYLE,LAS QUE NO IBAN A SALIR,badbunny,2020-05-10,150060,62,0.856,0.165,0.656,0.0,0.0998,-6.483,0.131,0.586,90.041
114,EN CASITA,LAS QUE NO IBAN A SALIR,badbunny,2020-05-10,176440,59,0.779,0.221,0.764,0.000669,0.0909,-8.217,0.0938,0.675,158.093
115,MOJAITA,OASIS,badbunny,2019-06-28,187333,67,0.45,0.0171,0.842,0.0,0.377,-3.602,0.102,0.885,172.069
116,YO LE LLEGO,OASIS,badbunny,2019-06-28,249600,66,0.785,0.0104,0.792,0.0,0.104,-4.695,0.0641,0.528,155.036
117,CUIDAO POR AHÍ,OASIS,badbunny,2019-06-28,198320,65,0.845,0.111,0.813,0.00241,0.174,-2.979,0.077,0.586,90.98
118,QUE PRETENDES,OASIS,badbunny,2019-06-28,222347,80,0.639,0.0275,0.791,0.0,0.362,-4.443,0.253,0.939,92.603
119,LA CANCIÓN,OASIS,badbunny,2019-06-28,242573,88,0.754,0.152,0.646,1.85e-05,0.108,-5.795,0.317,0.429,176.089
120,UN PESO,OASIS,badbunny,2019-06-28,277107,81,0.627,0.125,0.675,0.0,0.0784,-7.125,0.213,0.961,79.31
121,ODIO,OASIS,badbunny,2019-06-28,270400,67,0.74,0.215,0.698,0.0,0.116,-3.838,0.0388,0.529,139.99
122,COMO UN BEBÉ,OASIS,badbunny,2019-06-28,218827,71,0.825,0.0732,0.807,4.79e-06,0.138,-5.753,0.0949,0.816,103.053
123,Dawn FM,Dawn FM (Alternate World),theweeknd,2022-01-07,96240,53,0.28,0.674,0.478,5.85e-05,0.483,-8.755,0.037,0.0807,111.65
124,Gasoline,Dawn FM (Alternate World),theweeknd,2022-01-07,212166,55,0.728,0.000582,0.741,0.00206,0.33,-7.075,0.0473,0.31,123.006
125,How Do I Make You Love Me?,Dawn FM (Alternate World),theweeknd,2022-01-07,214215,54,0.805,0.0203,0.498,2.37e-05,0.085,-7.927,0.0737,0.636,121.006
126,Take My Breath,Dawn FM (Alternate World),theweeknd,2022-01-07,339023,54,0.698,0.0128,0.769,0.00166,0.238,-7.154,0.0368,0.354,121.02
127,Sacrifice,Dawn FM (Alternate World),theweeknd,2022-01-07,188918,54,0.735,0.0296,0.795,3.18e-05,0.0678,-6.523,0.113,0.905,122.0
128,A Tale By Quincy,Dawn FM (Alternate World),theweeknd,2022-01-07,96214,50,0.447,0.679,0.512,2.98e-05,0.096,-8.67,0.128,0.571,67.291
129,Out of Time,Dawn FM (Alternate World),theweeknd,2022-01-07,214191,55,0.617,0.232,0.762,0.0,0.291,-4.467,0.0469,0.823,92.971
130,"Here We Go… Again (feat. Tyler, the Creator)",Dawn FM (Alternate World),theweeknd,2022-01-07,209778,51,0.469,0.345,0.623,0.0,0.588,-4.432,0.0302,0.198,134.943
131,Best Friends,Dawn FM (Alternate World),theweeknd,2022-01-07,163504,51,0.737,0.436,0.564,0.0,0.351,-7.045,0.105,0.528,90.0
132,Is There Someone Else?,Dawn FM (Alternate World),theweeknd,2022-01-07,199111,55,0.702,0.0388,0.586,7.27e-05,0.156,-7.83,0.0313,0.608,134.951
133,Starry Eyes,Dawn FM (Alternate World),theweeknd,2022-01-07,148000,51,0.309,0.465,0.418,7.58e-05,0.295,-8.622,0.031,0.146,134.23
134,Every Angel is Terrifying,Dawn FM (Alternate World),theweeknd,2022-01-07,167256,49,0.447,0.109,0.959,2.75e-05,0.0498,-5.59,0.348,0.46,118.167
135,Don’t Break My Heart,Dawn FM (Alternate World),theweeknd,2022-01-07,205469,49,0.767,0.31,0.618,0.0,0.179,-7.163,0.032,0.243,121.959
136,I Heard You're Married (feat. Lil Wayne),Dawn FM (Alternate World),theweeknd,2022-01-07,263642,49,0.736,0.103,0.848,0.0,0.299,-5.494,0.171,0.784,109.946
137,Less Than Zero,Dawn FM (Alternate World),theweeknd,2022-01-07,211814,53,0.535,0.00096,0.791,0.000155,0.0788,-5.55,0.0327,0.5,142.981
138,Phantom Regret by Jim,Dawn FM (Alternate World),theweeknd,2022-01-07,179580,47,0.394,0.75,0.519,0.195,0.129,-11.042,0.0465,0.241,110.113
139,Moth To A Flame (with The Weeknd),Dawn FM (Alternate World),theweeknd,2022-01-07,234000,52,0.542,0.00279,0.659,0.0,0.105,-7.289,0.0389,0.109,120.122
140,Dawn FM - OPN Remix,Dawn FM (Alternate World),theweeknd,2022-01-07,183827,47,0.337,0.586,0.719,0.00167,0.1,-4.068,0.0375,0.275,184.537
141,How Do I Make You Love Me? - Sebastian Ingrosso & Salvatore Ganacci Remix,Dawn FM (Alternate World),theweeknd,2022-01-07,217766,51,0.863,0.0145,0.802,0.597,0.111,-4.995,0.0476,0.379,124.012
142,Sacrifice (Remix) (feat. Swedish House Mafia),Dawn FM (Alternate World),theweeknd,2022-01-07,238033,46,0.774,0.0312,0.742,5.03e-05,0.0907,-7.391,0.0784,0.677,122.028
143,Out of Time - KAYTRANADA Remix,Dawn FM (Alternate World),theweeknd,2022-01-07,275556,45,0.737,0.0924,0.673,3.73e-05,0.0908,-6.962,0.271,0.597,108.033
144,Best Friends - Remix,Dawn FM (Alternate World),theweeknd,2022-01-07,175072,46,0.608,0.24,0.649,0.0,0.311,-6.569,0.113,0.612,180.22
145,Starry Eyes - MIKE DEAN Remix,Dawn FM (Alternate World),theweeknd,2022-01-07,198222,46,0.318,0.477,0.475,2.76e-05,0.341,-7.513,0.0329,0.254,99.981
146,Take My Breath - Single Version,Dawn FM (Alternate World),theweeknd,2022-01-07,220196,45,0.746,0.0102,0.739,2.15e-05,0.101,-6.008,0.0488,0.512,121.009
147,Dawn FM,Dawn FM (Alternate World),theweeknd,2022-01-07,96240,31,0.28,0.674,0.478,5.85e-05,0.483,-8.755,0.037,0.0807,111.65
148,Gasoline,Dawn FM (Alternate World),theweeknd,2022-01-07,212166,36,0.728,0.000582,0.741,0.00206,0.33,-7.075,0.0473,0.31,123.006
149,How Do I Make You Love Me?,Dawn FM (Alternate World),theweeknd,2022-01-07,214215,37,0.805,0.0203,0.498,2.37e-05,0.085,-7.927,0.0737,0.636,121.006
150,Take My Breath,Dawn FM (Alternate World),theweeknd,2022-01-07,339023,37,0.698,0.0128,0.769,0.00166,0.238,-7.154,0.0368,0.354,121.02
151,Sacrifice,Dawn FM (Alternate World),theweeknd,2022-01-07,188918,37,0.735,0.0296,0.795,3.18e-05,0.0678,-6.523,0.113,0.905,122.0
152,A Tale By Quincy,Dawn FM (Alternate World),theweeknd,2022-01-07,96232,29,0.447,0.679,0.513,2.98e-05,0.096,-8.67,0.127,0.572,67.289
153,Out of Time,Dawn FM (Alternate World),theweeknd,2022-01-07,214194,40,0.65,0.255,0.76,0.0,0.339,-4.422,0.0446,0.838,93.057
154,"Here We Go… Again (feat. Tyler, the Creator)",Dawn FM (Alternate World),theweeknd,2022-01-07,209778,33,0.469,0.345,0.623,0.0,0.588,-4.432,0.0302,0.198,134.943
155,Best Friends,Dawn FM (Alternate World),theweeknd,2022-01-07,163504,34,0.737,0.436,0.564,0.0,0.351,-7.045,0.105,0.528,90.0
156,Is There Someone Else?,Dawn FM (Alternate World),theweeknd,2022-01-07,199111,41,0.702,0.0388,0.586,7.27e-05,0.156,-7.83,0.0313,0.608,134.951
157,Starry Eyes,Dawn FM (Alternate World),theweeknd,2022-01-07,148000,32,0.309,0.465,0.418,7.58e-05,0.295,-8.622,0.031,0.146,134.23
158,Every Angel is Terrifying,Dawn FM (Alternate World),theweeknd,2022-01-07,167256,28,0.447,0.109,0.959,2.75e-05,0.0498,-5.59,0.348,0.46,118.167
159,Don’t Break My Heart,Dawn FM (Alternate World),theweeknd,2022-01-07,205469,32,0.767,0.31,0.618,0.0,0.179,-7.163,0.032,0.243,121.959
160,I Heard You're Married (feat. Lil Wayne),Dawn FM (Alternate World),theweeknd,2022-01-07,263642,32,0.736,0.103,0.848,0.0,0.299,-5.494,0.171,0.784,109.946
161,Less Than Zero,Dawn FM (Alternate World),theweeknd,2022-01-07,211814,38,0.535,0.00096,0.791,0.000155,0.0788,-5.55,0.0327,0.5,142.981
162,Phantom Regret by Jim,Dawn FM (Alternate World),theweeknd,2022-01-07,179580,28,0.394,0.75,0.519,0.195,0.129,-11.042,0.0465,0.241,110.113
163,Take My Breath - Single Version,Dawn FM (Alternate World),theweeknd,2022-01-07,220196,62,0.747,0.0106,0.739,2.22e-05,0.101,-6.008,0.0487,0.523,120.996
164,Sacrifice (Remix) (feat. Swedish House Mafia),Dawn FM (Alternate World),theweeknd,2022-01-07,238033,61,0.774,0.0312,0.742,5.03e-05,0.0907,-7.391,0.0784,0.677,122.028
165,Moth To A Flame (with The Weeknd),Dawn FM (Alternate World),theweeknd,2022-01-07,234000,57,0.542,0.00279,0.659,0.0,0.105,-7.289,0.0389,0.109,120.122
166,Dawn FM,Dawn FM,theweeknd,2022-01-07,96240,30,0.28,0.674,0.478,5.85e-05,0.483,-8.755,0.037,0.0807,111.65
167,Gasoline,Dawn FM,theweeknd,2022-01-07,212166,36,0.728,0.000582,0.741,0.00206,0.33,-7.075,0.0473,0.31,123.006
168,How Do I Make You Love Me?,Dawn FM,theweeknd,2022-01-07,214215,37,0.805,0.0203,0.498,2.37e-05,0.085,-7.927,0.0737,0.636,121.006
169,Take My Breath,Dawn FM,theweeknd,2022-01-07,339023,40,0.698,0.0128,0.769,0.00166,0.238,-7.154,0.0368,0.354,121.02
170,Sacrifice,Dawn FM,theweeknd,2022-01-07,188918,52,0.732,0.0269,0.798,4.84e-06,0.0718,-6.511,0.0956,0.911,122.008
171,A Tale By Quincy,Dawn FM,theweeknd,2022-01-07,96232,25,0.527,0.656,0.502,3.79e-05,0.0961,-8.593,0.0712,0.608,95.056
172,Out of Time,Dawn FM,theweeknd,2022-01-07,214194,43,0.65,0.255,0.76,0.0,0.339,-4.422,0.0446,0.838,93.057
173,"Here We Go… Again (feat. Tyler, the Creator)",Dawn FM,theweeknd,2022-01-07,209778,33,0.439,0.337,0.615,0.0,0.588,-4.263,0.0301,0.21,134.409
174,Best Friends,Dawn FM,theweeknd,2022-01-07,163504,34,0.737,0.436,0.564,0.0,0.351,-7.045,0.105,0.528,90.0
175,Is There Someone Else?,Dawn FM,theweeknd,2022-01-07,199111,46,0.702,0.0388,0.586,7.27e-05,0.156,-7.83,0.0313,0.608,134.951
176,Starry Eyes,Dawn FM,theweeknd,2022-01-07,148000,41,0.309,0.465,0.418,7.58e-05,0.295,-8.622,0.031,0.146,134.23
177,Every Angel is Terrifying,Dawn FM,theweeknd,2022-01-07,167256,24,0.447,0.109,0.959,2.75e-05,0.0498,-5.59,0.348,0.46,118.167
178,Don’t Break My Heart,Dawn FM,theweeknd,2022-01-07,205469,36,0.767,0.31,0.618,0.0,0.179,-7.163,0.032,0.243,121.959
179,I Heard You’re Married (feat. Lil Wayne),Dawn FM,theweeknd,2022-01-07,263642,32,0.724,0.0823,0.86,0.0,0.319,-5.455,0.187,0.781,109.917
180,Less Than Zero,Dawn FM,theweeknd,2022-01-07,211814,41,0.535,0.00096,0.791,0.000155,0.0788,-5.55,0.0327,0.5,142.981
181,Phantom Regret by Jim,Dawn FM,theweeknd,2022-01-07,179580,24,0.394,0.75,0.519,0.195,0.129,-11.042,0.0465,0.241,110.113
182,Alone Again,After Hours (Deluxe),theweeknd,2020-04-03,250057,49,0.255,0.0337,0.653,0.107,0.168,-7.972,0.0551,0.058,90.673
183,Too Late,After Hours (Deluxe),theweeknd,2020-04-03,239980,48,0.64,0.0514,0.869,0.000121,0.691,-5.179,0.124,0.185,119.949
184,Hardest To Love,After Hours (Deluxe),theweeknd,2020-04-03,211402,49,0.466,0.0911,0.609,9.32e-05,0.122,-7.874,0.065,0.103,81.186
185,Scared To Live,After Hours (Deluxe),theweeknd,2020-04-03,191299,47,0.481,0.123,0.493,0.0,0.0995,-8.311,0.051,0.211,87.493
186,Snowchild,After Hours (Deluxe),theweeknd,2020-04-03,247192,47,0.676,0.166,0.61,6.47e-05,0.122,-7.558,0.114,0.24,148.118
187,Escape From LA,After Hours (Deluxe),theweeknd,2020-04-03,355960,49,0.421,0.0476,0.548,0.00269,0.187,-9.006,0.0568,0.169,146.099
188,Heartless,After Hours (Deluxe),theweeknd,2020-04-03,198267,50,0.537,0.0187,0.752,1.36e-06,0.145,-5.488,0.132,0.234,169.97
189,Faith,After Hours (Deluxe),theweeknd,2020-04-03,283217,50,0.355,0.614,0.605,0.0483,0.146,-7.34,0.0774,0.123,175.472
190,Blinding Lights,After Hours (Deluxe),theweeknd,2020-04-03,200046,51,0.518,0.00153,0.727,0.000152,0.0882,-5.947,0.0557,0.342,170.962
191,In Your Eyes,After Hours (Deluxe),theweeknd,2020-04-03,237522,48,0.667,0.00255,0.72,7.89e-05,0.0753,-5.349,0.0331,0.705,100.021
192,Save Your Tears,After Hours (Deluxe),theweeknd,2020-04-03,215627,57,0.684,0.0222,0.817,2.19e-05,0.439,-5.499,0.0308,0.623,118.061
193,Repeat After Me (Interlude),After Hours (Deluxe),theweeknd,2020-04-03,195815,46,0.555,0.0313,0.607,0.00018,0.101,-7.907,0.0301,0.145,94.945
194,After Hours,After Hours (Deluxe),theweeknd,2020-04-03,361025,53,0.659,0.0784,0.572,0.00772,0.123,-6.103,0.0304,0.14,108.968
195,Until I Bleed Out,After Hours (Deluxe),theweeknd,2020-04-03,192364,46,0.249,0.444,0.37,4.44e-05,0.0911,-9.975,0.0357,0.178,125.209
196,Nothing Compares - Bonus Track,After Hours (Deluxe),theweeknd,2020-04-03,222307,59,0.532,0.00253,0.577,0.0437,0.234,-9.313,0.0352,0.0397,131.922
197,Missed You - Bonus Track,After Hours (Deluxe),theweeknd,2020-04-03,144540,58,0.689,0.115,0.374,0.000132,0.111,-10.038,0.0851,0.321,151.98
198,Final Lullaby - Bonus Track,After Hours (Deluxe),theweeknd,2020-04-03,185689,50,0.604,0.841,0.26,9.33e-05,0.327,-10.498,0.0373,0.318,100.901
199,Alone Again,After Hours (Deluxe),theweeknd,2020-03-20,250057,50,0.255,0.0337,0.653,0.107,0.168,-7.972,0.0551,0.058,90.673
200,Too Late,After Hours (Deluxe),theweeknd,2020-03-20,239980,49,0.64,0.0514,0.869,0.000121,0.691,-5.179,0.124,0.185,119.949
201,Hardest To Love,After Hours (Deluxe),theweeknd,2020-03-20,211402,48,0.466,0.0911,0.609,9.32e-05,0.122,-7.874,0.065,0.103,81.186
202,Scared To Live,After Hours (Deluxe),theweeknd,2020-03-20,191299,47,0.48,0.123,0.493,0.0,0.0995,-8.311,0.0512,0.211,87.343
203,Snowchild,After Hours (Deluxe),theweeknd,2020-03-20,247192,47,0.676,0.166,0.61,6.47e-05,0.122,-7.558,0.114,0.24,148.118
204,Escape From LA,After Hours (Deluxe),theweeknd,2020-03-20,355960,48,0.423,0.0476,0.548,0.00269,0.187,-9.006,0.0567,0.169,146.099
205,Heartless,After Hours (Deluxe),theweeknd,2020-03-20,198267,51,0.537,0.0187,0.752,1.36e-06,0.145,-5.488,0.132,0.234,169.97
206,Faith,After Hours (Deluxe),theweeknd,2020-03-20,283217,49,0.355,0.614,0.605,0.0483,0.146,-7.34,0.0774,0.123,175.472
207,Blinding Lights,After Hours (Deluxe),theweeknd,2020-03-20,200046,48,0.518,0.00153,0.727,0.000152,0.0882,-5.947,0.0557,0.342,170.962
208,In Your Eyes,After Hours (Deluxe),theweeknd,2020-03-20,237522,49,0.667,0.00255,0.72,7.89e-05,0.0753,-5.349,0.0331,0.705,100.021
209,Save Your Tears,After Hours (Deluxe),theweeknd,2020-03-20,215627,49,0.684,0.0222,0.817,2.19e-05,0.439,-5.499,0.0308,0.623,118.059
210,Repeat After Me (Interlude),After Hours (Deluxe),theweeknd,2020-03-20,195815,46,0.555,0.0313,0.607,0.00018,0.101,-7.907,0.0301,0.145,94.945
211,After Hours,After Hours (Deluxe),theweeknd,2020-03-20,361025,55,0.659,0.0784,0.572,0.00772,0.123,-6.103,0.0304,0.14,108.968
212,Until I Bleed Out,After Hours (Deluxe),theweeknd,2020-03-20,192364,47,0.249,0.444,0.37,4.44e-05,0.0911,-9.975,0.0357,0.178,125.209
213,Nothing Compares - Bonus Track,After Hours (Deluxe),theweeknd,2020-03-20,222307,66,0.532,0.00253,0.577,0.0437,0.234,-9.313,0.0352,0.0397,131.922
214,Missed You - Bonus Track,After Hours (Deluxe),theweeknd,2020-03-20,144540,67,0.689,0.115,0.374,0.000132,0.111,-10.038,0.0851,0.321,151.98
215,Final Lullaby - Bonus Track,After Hours (Deluxe),theweeknd,2020-03-20,185689,62,0.604,0.841,0.26,9.33e-05,0.327,-10.498,0.0373,0.318,100.901
216,Save Your Tears (Remix) (with Ariana Grande) - Bonus Track,After Hours (Deluxe),theweeknd,2020-03-20,191014,49,0.65,0.0215,0.825,2.44e-05,0.0936,-4.645,0.0325,0.593,118.091
217,Tides,= (Tour Edition),edsheeran,2022-05-27,195760,43,0.631,0.0167,0.825,0.0,0.122,-3.971,0.0433,0.427,129.942
218,Shivers,= (Tour Edition),edsheeran,2022-05-27,207853,44,0.788,0.281,0.859,0.0,0.0424,-2.724,0.0856,0.822,141.02
219,First Times,= (Tour Edition),edsheeran,2022-05-27,185853,42,0.587,0.84,0.267,0.0,0.121,-9.206,0.0349,0.352,98.845
220,Bad Habits,= (Tour Edition),edsheeran,2022-05-27,230747,42,0.807,0.0451,0.893,2.79e-05,0.366,-3.745,0.0347,0.537,126.011
221,Overpass Graffiti,= (Tour Edition),edsheeran,2022-05-27,236907,42,0.52,0.00253,0.849,0.0,0.119,-3.794,0.186,0.774,175.908
222,The Joker And The Queen,= (Tour Edition),edsheeran,2022-05-27,185587,41,0.567,0.952,0.211,5.24e-05,0.275,-9.975,0.0315,0.289,134.019
223,Leave Your Life,= (Tour Edition),edsheeran,2022-05-27,223867,40,0.578,0.236,0.558,0.0,0.143,-5.438,0.0872,0.54,75.087
224,Collide,= (Tour Edition),edsheeran,2022-05-27,210213,41,0.672,0.113,0.73,0.0,0.0612,-4.77,0.0372,0.559,123.969
225,2step,= (Tour Edition),edsheeran,2022-05-27,153627,42,0.763,0.169,0.661,0.0,0.117,-5.592,0.056,0.632,95.002
226,Stop The Rain,= (Tour Edition),edsheeran,2022-05-27,203493,40,0.686,0.0122,0.765,0.0,0.127,-4.778,0.118,0.743,99.998
227,Love In Slow Motion,= (Tour Edition),edsheeran,2022-05-27,190933,40,0.485,0.668,0.54,0.0,0.0849,-5.4,0.0253,0.426,62.631
228,Visiting Hours,= (Tour Edition),edsheeran,2022-05-27,215507,39,0.471,0.77,0.396,0.0,0.0729,-6.654,0.0336,0.263,149.609
229,Sandman,= (Tour Edition),edsheeran,2022-05-27,259333,38,0.822,0.882,0.3,9.15e-05,0.0665,-8.034,0.0673,0.734,125.951
230,Be Right Now,= (Tour Edition),edsheeran,2022-05-27,211080,38,0.501,0.00494,0.684,0.000478,0.0524,-6.706,0.0566,0.442,131.952
231,Afterglow,= (Tour Edition),edsheeran,2022-05-27,185487,57,0.641,0.698,0.324,0.0,0.328,-5.851,0.0299,0.273,110.184
232,One Life,= (Tour Edition),edsheeran,2022-05-27,231547,67,0.573,0.114,0.593,2.65e-06,0.122,-7.225,0.0299,0.425,159.978
233,Penguins,= (Tour Edition),edsheeran,2022-05-27,248867,47,0.709,0.79,0.324,0.0,0.1,-10.975,0.0444,0.47,99.906
234,I Will Remember You,= (Tour Edition),edsheeran,2022-05-27,214493,49,0.743,0.404,0.807,5.49e-06,0.0723,-5.917,0.0538,0.721,145.01
235,Welcome To The World,= (Tour Edition),edsheeran,2022-05-27,176813,44,0.334,0.818,0.307,5.55e-05,0.362,-8.522,0.033,0.426,169.53
236,The Joker And The Queen (feat. Taylor Swift),= (Tour Edition),edsheeran,2022-05-27,185422,59,0.528,0.924,0.309,2.1e-06,0.282,-7.398,0.0329,0.307,133.83
237,2step (feat. Lil Baby),= (Tour Edition),edsheeran,2022-05-27,163450,39,0.693,0.138,0.643,0.0,0.108,-5.867,0.0828,0.477,95.055
238,Bad Habits (feat. Bring Me The Horizon),= (Tour Edition),edsheeran,2022-05-27,250763,51,0.59,0.0305,0.849,0.0,0.11,-4.691,0.0792,0.178,131.018
239,Peru,= (Tour Edition),edsheeran,2022-05-27,187111,37,0.956,0.572,0.417,0.00071,0.0782,-7.892,0.0926,0.714,108.015
240,2step (feat. Lil Baby),2step (The Remixes),edsheeran,2021-10-29,163450,65,0.693,0.138,0.643,0.0,0.108,-5.867,0.0828,0.477,95.055
241,2step (feat. Ultimo),2step (The Remixes),edsheeran,2021-10-29,154160,55,0.727,0.16,0.69,0.0,0.137,-5.063,0.0721,0.685,94.935
242,2step (feat. Potter Payper),2step (The Remixes),edsheeran,2021-10-29,153447,42,0.726,0.14,0.671,0.0,0.139,-5.402,0.161,0.552,95.053
243,2step (feat. Antytila),2step (The Remixes),edsheeran,2021-10-29,153213,47,0.506,0.235,0.695,0.0,0.151,-5.185,0.105,0.599,93.75
244,2step (feat. Leto),2step (The Remixes),edsheeran,2021-10-29,154453,44,0.73,0.273,0.701,0.0,0.0657,-5.318,0.0447,0.522,94.97
245,2step (feat. Ellinoora),2step (The Remixes),edsheeran,2021-10-29,153373,47,0.705,0.167,0.741,0.0,0.216,-4.33,0.0683,0.615,94.962
246,2step (feat. 1.Cuz),2step (The Remixes),edsheeran,2021-10-29,153227,53,0.674,0.157,0.663,0.0,0.13,-5.084,0.084,0.617,94.818
247,2step (feat. Budjerah),2step (The Remixes),edsheeran,2021-10-29,153427,48,0.727,0.212,0.621,0.0,0.114,-4.784,0.0555,0.565,94.958
248,2step (Star.One Remix),2step (The Remixes),edsheeran,2021-10-29,205187,38,0.669,0.254,0.916,0.00117,0.356,-4.961,0.038,0.54,129.956
249,2step (feat. Chefin),2step (The Remixes),edsheeran,2021-10-29,164560,51,0.731,0.209,0.642,0.0,0.242,-5.106,0.0695,0.504,94.961
250,2step (feat. reezy),2step (The Remixes),edsheeran,2021-10-29,153334,40,0.734,0.179,0.68,0.0,0.169,-5.096,0.058,0.499,95.06
251,2step (feat. Quevedo),2step (The Remixes),edsheeran,2021-10-29,153254,51,0.72,0.171,0.709,0.0,0.141,-5.308,0.0827,0.537,94.99
252,2step (feat. Denise Chaila),2step (The Remixes),edsheeran,2021-10-29,153227,39,0.728,0.21,0.69,0.0,0.113,-4.788,0.084,0.492,94.986
253,2step (feat. Armaan Malik),2step (The Remixes),edsheeran,2021-10-29,153124,49,0.747,0.18,0.667,0.0,0.146,-5.181,0.0566,0.508,95.0
254,Beautiful People (feat. Khalid),No.6 Collaborations Project,edsheeran,2019-07-12,197867,41,0.64,0.124,0.648,0.0,0.0802,-8.113,0.187,0.548,92.977
255,South of the Border (feat. Camila Cabello & Cardi B),No.6 Collaborations Project,edsheeran,2019-07-12,204467,41,0.857,0.148,0.621,0.0,0.0865,-6.376,0.0824,0.668,97.986
256,Cross Me (feat. Chance the Rapper & PnB Rock),No.6 Collaborations Project,edsheeran,2019-07-12,204833,42,0.654,0.21,0.784,0.0,0.0666,-6.389,0.181,0.603,94.877
257,Take Me Back to London (feat. Stormzy),No.6 Collaborations Project,edsheeran,2019-07-12,189733,42,0.885,0.219,0.762,0.0,0.162,-5.513,0.216,0.605,138.059
258,Best Part of Me (feat. YEBBA),No.6 Collaborations Project,edsheeran,2019-07-12,243267,36,0.565,0.762,0.242,9.3e-06,0.285,-8.367,0.0318,0.237,81.657
259,I Don't Care (with Justin Bieber),No.6 Collaborations Project,edsheeran,2019-07-12,219947,39,0.798,0.0912,0.675,0.0,0.0894,-5.041,0.0442,0.842,101.956
260,Antisocial (with Travis Scott),No.6 Collaborations Project,edsheeran,2019-07-12,161747,45,0.715,0.133,0.823,0.0,0.361,-5.313,0.0495,0.91,151.956
261,Remember The Name (feat. Eminem & 50 Cent),No.6 Collaborations Project,edsheeran,2019-07-12,206443,41,0.863,0.196,0.649,0.0,0.783,-7.194,0.156,0.761,91.018
262,Feels (feat. Young Thug & J Hus),No.6 Collaborations Project,edsheeran,2019-07-12,150787,34,0.665,0.112,0.68,0.0,0.096,-4.899,0.29,0.69,91.67
263,Put It All on Me (feat. Ella Mai),No.6 Collaborations Project,edsheeran,2019-07-12,197093,41,0.627,0.253,0.594,0.0,0.373,-8.306,0.0478,0.389,101.008
264,Nothing On You (feat. Paulo Londra & Dave),No.6 Collaborations Project,edsheeran,2019-07-12,200733,39,0.747,0.333,0.649,0.0,0.172,-6.218,0.219,0.84,88.011
265,I Don't Want Your Money (feat. H.E.R.),No.6 Collaborations Project,edsheeran,2019-07-12,204507,35,0.469,0.314,0.631,0.0,0.14,-6.569,0.0853,0.763,91.418
266,1000 Nights (feat. Meek Mill & A Boogie Wit da Hoodie),No.6 Collaborations Project,edsheeran,2019-07-12,212307,34,0.778,0.467,0.59,0.0,0.0902,-5.548,0.27,0.515,97.995
267,Way To Break My Heart (feat. Skrillex),No.6 Collaborations Project,edsheeran,2019-07-12,190293,39,0.726,0.11,0.731,3.21e-06,0.0928,-6.304,0.159,0.43,170.125
268,BLOW (with Chris Stapleton & Bruno Mars),No.6 Collaborations Project,edsheeran,2019-07-12,209120,35,0.631,0.000245,0.796,0.0115,0.38,-5.35,0.0401,0.596,92.469
269,Eraser,÷ (Deluxe),edsheeran,2017-03-03,227427,59,0.64,0.086,0.812,0.0,0.0509,-5.647,0.0834,0.914,86.013
270,Castle on the Hill,÷ (Deluxe),edsheeran,2017-03-03,261154,78,0.461,0.0232,0.834,1.14e-05,0.14,-4.868,0.0989,0.471,135.007
271,Dive,÷ (Deluxe),edsheeran,2017-03-03,238440,73,0.761,0.355,0.386,0.0,0.0953,-6.158,0.0399,0.526,134.943
272,Shape of You,÷ (Deluxe),edsheeran,2017-03-03,233713,85,0.825,0.581,0.652,0.0,0.0931,-3.183,0.0802,0.931,95.977
273,Perfect,÷ (Deluxe),edsheeran,2017-03-03,263400,86,0.599,0.163,0.448,0.0,0.106,-6.312,0.0232,0.168,95.05
274,Galway Girl,÷ (Deluxe),edsheeran,2017-03-03,170827,78,0.624,0.0735,0.876,0.0,0.327,-3.374,0.1,0.781,99.943
275,Happier,÷ (Deluxe),edsheeran,2017-03-03,207520,79,0.522,0.536,0.385,0.0,0.135,-7.355,0.0288,0.236,89.792
276,New Man,÷ (Deluxe),edsheeran,2017-03-03,189280,64,0.78,0.0559,0.745,0.0,0.0595,-3.97,0.145,0.862,94.026
277,Hearts Don't Break Around Here,÷ (Deluxe),edsheeran,2017-03-03,248413,63,0.604,0.719,0.366,0.0,0.162,-7.881,0.0267,0.181,105.177
278,What Do I Know?,÷ (Deluxe),edsheeran,2017-03-03,237333,67,0.838,0.251,0.492,0.0,0.262,-5.69,0.038,0.895,115.092
279,How Would You Feel (Paean),÷ (Deluxe),edsheeran,2017-03-03,280533,66,0.617,0.424,0.439,0.0,0.127,-5.63,0.0269,0.242,139.979
280,Supermarket Flowers,÷ (Deluxe),edsheeran,2017-03-03,221107,75,0.589,0.914,0.242,0.0,0.0887,-10.517,0.0442,0.257,89.749
281,Barcelona,÷ (Deluxe),edsheeran,2017-03-03,191147,64,0.747,0.448,0.76,0.0,0.153,-4.294,0.187,0.682,99.975
282,Bibia Be Ye Ye,÷ (Deluxe),edsheeran,2017-03-03,176747,61,0.738,0.52,0.677,0.0,0.133,-5.121,0.0824,0.882,127.067
283,Nancy Mulligan,÷ (Deluxe),edsheeran,2017-03-03,179787,65,0.68,0.117,0.852,0.0,0.0866,-4.35,0.0349,0.858,101.993
284,Save Myself,÷ (Deluxe),edsheeran,2017-03-03,247107,62,0.552,0.85,0.29,0.0,0.227,-5.617,0.0448,0.481,78.842
285,One,x (Deluxe Edition),edsheeran,2014-06-21,252760,62,0.464,0.877,0.321,0.0,0.0789,-11.12,0.0418,0.306,93.528
286,I'm a Mess,x (Deluxe Edition),edsheeran,2014-06-21,244573,64,0.697,0.556,0.377,0.0,0.0999,-7.755,0.0397,0.336,138.754
287,Sing,x (Deluxe Edition),edsheeran,2014-06-21,235382,69,0.818,0.304,0.67,1.22e-06,0.0601,-4.451,0.0472,0.939,119.988
288,Don't,x (Deluxe Edition),edsheeran,2014-06-21,219840,71,0.806,0.0113,0.608,0.0,0.635,-7.008,0.0659,0.849,95.049
289,Nina,x (Deluxe Edition),edsheeran,2014-06-21,225533,56,0.791,0.175,0.669,0.0,0.33,-7.189,0.146,0.809,92.013
290,Photograph,x (Deluxe Edition),edsheeran,2014-06-21,258987,84,0.614,0.607,0.379,0.000464,0.0986,-10.48,0.0476,0.201,107.989
291,Bloodstream,x (Deluxe Edition),edsheeran,2014-06-21,300253,65,0.66,0.529,0.316,0.000294,0.104,-11.567,0.0364,0.543,91.207
292,Tenerife Sea,x (Deluxe Edition),edsheeran,2014-06-21,241347,67,0.53,0.697,0.346,1.07e-05,0.105,-10.497,0.0376,0.359,121.876
293,Runaway,x (Deluxe Edition),edsheeran,2014-06-21,205133,56,0.767,0.024,0.449,0.000299,0.151,-7.158,0.0364,0.908,95.03
294,The Man,x (Deluxe Edition),edsheeran,2014-06-21,250427,53,0.759,0.576,0.725,0.0,0.0771,-7.006,0.158,0.619,87.467
295,Thinking out Loud,x (Deluxe Edition),edsheeran,2014-06-21,281560,83,0.781,0.474,0.445,0.0,0.184,-6.061,0.0295,0.591,78.998
296,Afire Love,x (Deluxe Edition),edsheeran,2014-06-21,314280,58,0.552,0.464,0.637,1.63e-05,0.136,-6.568,0.0445,0.333,97.97
297,Take It Back,x (Deluxe Edition),edsheeran,2014-06-21,208400,53,0.754,0.318,0.613,0.0,0.335,-6.342,0.229,0.904,113.196
298,Shirtsleeves,x (Deluxe Edition),edsheeran,2014-06-21,190227,52,0.752,0.319,0.76,0.0,0.335,-5.34,0.0341,0.752,107.034
299,Even My Dad Does Sometimes,x (Deluxe Edition),edsheeran,2014-06-21,228533,53,0.58,0.756,0.318,0.000171,0.117,-8.926,0.0279,0.295,129.757
300,I See Fire,x (Deluxe Edition),edsheeran,2014-06-21,300747,60,0.633,0.562,0.0519,0.0,0.097,-21.107,0.0365,0.204,76.034
301,Tim McGraw,Taylor Swift,Taylor Swift,2006-10-24,232106,49,0.58,0.575,0.491,0.0,0.121,-6.462,0.0251,0.425,76.009
302,Picture To Burn,Taylor Swift,Taylor Swift,2006-10-24,173066,54,0.658,0.173,0.877,0.0,0.0962,-2.098,0.0323,0.821,105.586
303,Teardrops On My Guitar - Radio Single Remix,Taylor Swift,Taylor Swift,2006-10-24,203040,59,0.621,0.288,0.417,0.0,0.119,-6.941,0.0231,0.289,99.953
304,A Place in this World,Taylor Swift,Taylor Swift,2006-10-24,199200,49,0.576,0.051,0.777,0.0,0.32,-2.881,0.0324,0.428,115.028
305,Cold As You,Taylor Swift,Taylor Swift,2006-10-24,239013,50,0.418,0.217,0.482,0.0,0.123,-5.769,0.0266,0.261,175.558
306,The Outside,Taylor Swift,Taylor Swift,2006-10-24,207106,47,0.589,0.00491,0.805,0.0,0.24,-4.055,0.0293,0.591,112.982
307,Tied Together with a Smile,Taylor Swift,Taylor Swift,2006-10-24,248106,47,0.479,0.525,0.578,0.0,0.0841,-4.963,0.0294,0.192,146.165
308,Stay Beautiful,Taylor Swift,Taylor Swift,2006-10-24,236053,48,0.594,0.0868,0.629,0.0,0.137,-4.919,0.0246,0.504,131.597
309,Should've Said No,Taylor Swift,Taylor Swift,2006-10-24,242200,53,0.476,0.0103,0.777,0.0,0.196,-3.771,0.0289,0.472,167.964
310,Mary's Song (Oh My My My),Taylor Swift,Taylor Swift,2006-10-24,213080,50,0.403,0.0177,0.627,0.0,0.182,-5.28,0.0292,0.374,74.9
311,Our Song,Taylor Swift,Taylor Swift,2006-10-24,201106,54,0.668,0.111,0.672,0.0,0.329,-4.931,0.0303,0.539,89.011
312,I'm Only Me When I'm With You,Taylor Swift,Taylor Swift,2006-10-24,213053,50,0.563,0.00452,0.934,0.000807,0.103,-3.629,0.0646,0.518,143.964
313,Invisible,Taylor Swift,Taylor Swift,2006-10-24,203226,48,0.612,0.637,0.394,0.0,0.147,-5.723,0.0243,0.233,96.001
314,A Perfectly Good Heart,Taylor Swift,Taylor Swift,2006-10-24,220146,46,0.483,0.00349,0.751,0.0,0.128,-5.726,0.0365,0.268,156.092
315,Teardrops on My Guitar - Pop Version,Taylor Swift,Taylor Swift,2006-10-24,179066,48,0.459,0.0402,0.753,0.0,0.0863,-3.827,0.0537,0.483,199.997
316,Mine - POP Mix,Speak Now (Deluxe Package),Taylor Swift,2010-01-01,230546,45,0.696,0.00461,0.768,1.21e-06,0.101,-3.863,0.0308,0.692,121.05
317,Sparks Fly,Speak Now (Deluxe Package),Taylor Swift,2010-01-01,260946,50,0.608,0.0387,0.785,0.0,0.158,-2.976,0.0311,0.376,114.985
318,Back To December,Speak Now (Deluxe Package),Taylor Swift,2010-01-01,293040,50,0.517,0.0202,0.606,0.0,0.324,-5.797,0.0289,0.296,141.929
319,Speak Now,Speak Now (Deluxe Package),Taylor Swift,2010-01-01,240773,49,0.708,0.101,0.601,0.0,0.0979,-3.75,0.0306,0.742,118.962
320,Dear John,Speak Now (Deluxe Package),Taylor Swift,2010-01-01,403887,48,0.583,0.183,0.468,1.65e-06,0.111,-5.378,0.0278,0.126,119.375
321,Mean,Speak Now (Deluxe Package),Taylor Swift,2010-01-01,237746,48,0.57,0.445,0.747,0.0,0.219,-3.978,0.0426,0.808,164.004
322,The Story Of Us,Speak Now (Deluxe Package),Taylor Swift,2010-01-01,265636,48,0.575,0.000315,0.855,0.00161,0.0419,-4.827,0.0467,0.84,139.92
323,Never Grow Up,Speak Now (Deluxe Package),Taylor Swift,2010-01-01,290480,44,0.715,0.829,0.308,0.0,0.16,-8.829,0.0305,0.547,124.899
324,Enchanted,Speak Now (Deluxe Package),Taylor Swift,2010-01-01,352200,51,0.535,0.0716,0.618,0.000388,0.169,-3.913,0.0273,0.228,81.975
325,Better Than Revenge,Speak Now (Deluxe Package),Taylor Swift,2010-01-01,217173,49,0.519,0.0167,0.917,2.06e-05,0.359,-3.185,0.0887,0.652,145.882
326,Innocent,Speak Now (Deluxe Package),Taylor Swift,2010-01-01,302266,44,0.553,0.202,0.604,0.0,0.125,-5.295,0.0258,0.186,133.989
327,Haunted,Speak Now (Deluxe Package),Taylor Swift,2010-01-01,242093,47,0.434,0.0769,0.944,0.0,0.151,-2.641,0.0581,0.361,162.02
328,Last Kiss,Speak Now (Deluxe Package),Taylor Swift,2010-01-01,367146,47,0.359,0.581,0.329,3.75e-05,0.0979,-9.531,0.0293,0.208,84.358
329,Long Live,Speak Now (Deluxe Package),Taylor Swift,2010-01-01,317960,47,0.412,0.0426,0.682,7.47e-05,0.106,-4.319,0.0339,0.146,203.959
330,Ours,Speak Now (Deluxe Package),Taylor Swift,2010-01-01,238173,55,0.61,0.505,0.556,0.0,0.0851,-7.369,0.0285,0.192,159.838
331,If This Was A Movie,Speak Now (Deluxe Package),Taylor Swift,2010-01-01,234546,52,0.515,0.154,0.724,4.05e-06,0.269,-3.498,0.0267,0.257,147.788
332,Superman,Speak Now (Deluxe Package),Taylor Swift,2010-01-01,276266,47,0.582,0.0187,0.817,1.94e-06,0.101,-3.718,0.0337,0.547,131.983
333,Back To December - Acoustic,Speak Now (Deluxe Package),Taylor Swift,2010-01-01,292533,59,0.541,0.731,0.451,0.0,0.197,-6.522,0.027,0.333,141.713
334,Haunted - Acoustic Version,Speak Now (Deluxe Package),Taylor Swift,2010-01-01,217626,48,0.574,0.841,0.462,0.0,0.28,-5.124,0.0252,0.314,80.858
335,Mine,Speak Now (Deluxe Package),Taylor Swift,2010-01-01,230773,64,0.621,0.00327,0.78,4.55e-06,0.184,-2.934,0.0297,0.672,121.038
336,Back To December,Speak Now (Deluxe Package),Taylor Swift,2010-01-01,293040,43,0.525,0.113,0.676,0.0,0.294,-4.684,0.0294,0.281,141.95
337,The Story Of Us,Speak Now (Deluxe Package),Taylor Swift,2010-01-01,266480,59,0.546,0.00487,0.809,0.000372,0.0437,-3.621,0.041,0.649,139.91
338,State Of Grace,Red (Deluxe Edition),Taylor Swift,2012-10-22,295720,62,0.588,0.000197,0.825,0.00138,0.0884,-5.882,0.0328,0.397,129.968
339,Red,Red (Deluxe Edition),Taylor Swift,2012-10-22,223093,66,0.602,0.0773,0.896,8.87e-05,0.0911,-4.267,0.0437,0.641,124.978
340,Treacherous,Red (Deluxe Edition),Taylor Swift,2012-10-22,242760,61,0.704,0.101,0.621,4.3e-06,0.14,-8.086,0.0334,0.395,109.995
341,I Knew You Were Trouble.,Red (Deluxe Edition),Taylor Swift,2012-10-22,219720,65,0.622,0.00454,0.469,2.25e-06,0.0335,-6.798,0.0363,0.679,77.019
342,All Too Well,Red (Deluxe Edition),Taylor Swift,2012-10-22,329160,72,0.602,0.0382,0.609,0.0002,0.128,-7.803,0.0243,0.337,93.06
343,22,Red (Deluxe Edition),Taylor Swift,2012-10-22,232120,64,0.661,0.00215,0.729,0.0013,0.0477,-6.561,0.0376,0.668,103.987
344,I Almost Do,Red (Deluxe Edition),Taylor Swift,2012-10-22,244560,61,0.567,0.0173,0.481,4.13e-05,0.182,-7.357,0.027,0.233,145.865
345,We Are Never Ever Getting Back Together,Red (Deluxe Edition),Taylor Swift,2012-10-22,193146,65,0.628,0.00957,0.676,2.65e-05,0.121,-5.911,0.0916,0.75,85.984
346,Stay Stay Stay,Red (Deluxe Edition),Taylor Swift,2012-10-22,205853,60,0.729,0.307,0.748,1.29e-06,0.0962,-6.67,0.0245,0.928,99.981
347,The Last Time,Red (Deluxe Edition),Taylor Swift,2012-10-22,299013,61,0.505,0.035,0.443,3.15e-06,0.0906,-7.039,0.0276,0.123,94.069
348,Holy Ground,Red (Deluxe Edition),Taylor Swift,2012-10-22,202960,61,0.627,0.0162,0.816,0.00208,0.0965,-6.698,0.0774,0.648,157.043
349,Sad Beautiful Tragic,Red (Deluxe Edition),Taylor Swift,2012-10-22,284866,59,0.624,0.632,0.34,0.0337,0.0805,-12.411,0.029,0.261,129.987
350,The Lucky One,Red (Deluxe Edition),Taylor Swift,2012-10-22,240266,60,0.706,0.0371,0.499,0.0,0.132,-7.675,0.0369,0.545,117.937
351,Everything Has Changed,Red (Deluxe Edition),Taylor Swift,2012-10-22,245413,62,0.624,0.36,0.458,3.89e-06,0.311,-6.755,0.0287,0.436,80.016
352,Starlight,Red (Deluxe Edition),Taylor Swift,2012-10-22,220600,58,0.649,0.0213,0.777,0.000335,0.21,-5.804,0.0406,0.587,126.018
353,Begin Again,Red (Deluxe Edition),Taylor Swift,2012-10-22,239426,60,0.53,0.199,0.526,3.52e-06,0.14,-8.349,0.0263,0.323,79.025
354,The Moment I Knew,Red (Deluxe Edition),Taylor Swift,2012-10-22,286613,58,0.619,0.187,0.506,1.47e-05,0.101,-7.327,0.0315,0.274,126.03
355,Come Back...Be Here,Red (Deluxe Edition),Taylor Swift,2012-10-22,223920,60,0.483,0.00471,0.548,2.01e-06,0.0997,-6.291,0.0254,0.217,79.926
356,Girl At Home,Red (Deluxe Edition),Taylor Swift,2012-10-22,220840,55,0.733,0.272,0.59,0.0,0.134,-5.86,0.0284,0.633,125.048
357,Treacherous - Original Demo Recording,Red (Deluxe Edition),Taylor Swift,2012-10-22,240266,53,0.828,0.175,0.64,6.14e-05,0.0991,-8.248,0.0355,0.519,109.993
358,Red - Original Demo Recording,Red (Deluxe Edition),Taylor Swift,2012-10-22,227080,53,0.678,0.113,0.902,0.000235,0.0705,-4.659,0.0358,0.637,124.998
359,State Of Grace - Acoustic,Red (Deluxe Edition),Taylor Swift,2012-10-22,323080,55,0.626,0.664,0.118,0.000169,0.127,-15.91,0.0305,0.0682,105.597
360,Welcome To New York,1989 (Deluxe),Taylor Swift,2014-01-01,212600,58,0.789,0.0348,0.634,1.64e-06,0.302,-4.762,0.0323,0.658,116.992
361,Blank Space,1989 (Deluxe),Taylor Swift,2014-01-01,231826,82,0.76,0.103,0.703,0.0,0.0913,-5.412,0.054,0.57,95.997
362,Style,1989 (Deluxe),Taylor Swift,2014-01-01,231000,75,0.588,0.00245,0.791,0.00258,0.118,-5.595,0.0402,0.487,94.933
363,Out Of The Woods,1989 (Deluxe),Taylor Swift,2014-01-01,235800,67,0.553,0.000743,0.841,1.19e-05,0.341,-6.937,0.0396,0.338,92.008
364,All You Had To Do Was Stay,1989 (Deluxe),Taylor Swift,2014-01-01,193293,58,0.605,0.00201,0.725,2.02e-05,0.101,-5.729,0.0323,0.539,96.97
365,Shake It Off,1989 (Deluxe),Taylor Swift,2014-01-01,219200,80,0.647,0.0647,0.8,0.0,0.334,-5.384,0.165,0.942,160.078
366,I Wish You Would,1989 (Deluxe),Taylor Swift,2014-01-01,207440,60,0.653,0.0158,0.893,4.95e-05,0.102,-5.966,0.0538,0.513,118.035
367,Bad Blood,1989 (Deluxe),Taylor Swift,2014-01-01,211933,59,0.646,0.0885,0.794,6.16e-06,0.201,-6.104,0.19,0.287,170.216
368,Wildest Dreams,1989 (Deluxe),Taylor Swift,2014-01-01,220440,61,0.55,0.0692,0.688,0.00144,0.106,-7.416,0.0897,0.465,139.997
369,How You Get The Girl,1989 (Deluxe),Taylor Swift,2014-01-01,247533,60,0.765,0.00364,0.656,0.00868,0.0918,-6.112,0.0504,0.545,119.997
370,This Love,1989 (Deluxe),Taylor Swift,2014-01-01,250093,60,0.481,0.678,0.435,0.0,0.0928,-8.795,0.0321,0.107,143.95
371,I Know Places,1989 (Deluxe),Taylor Swift,2014-01-01,195706,58,0.602,0.245,0.755,0.0,0.178,-4.991,0.071,0.495,159.965
372,Clean,1989 (Deluxe),Taylor Swift,2014-01-01,271000,63,0.815,0.232,0.377,0.0,0.1,-7.754,0.0346,0.211,103.97
373,Wonderland,1989 (Deluxe),Taylor Swift,2014-01-01,245560,65,0.422,0.0493,0.692,2.57e-05,0.177,-5.447,0.0549,0.197,184.014
374,You Are In Love,1989 (Deluxe),Taylor Swift,2014-01-01,267106,62,0.474,0.707,0.48,0.000108,0.0903,-8.894,0.0622,0.319,170.109
375,New Romantics,1989 (Deluxe),Taylor Swift,2014-01-01,230466,66,0.633,0.00463,0.889,0.000458,0.0658,-5.87,0.0715,0.584,121.956
376,I Know Places - Voice Memo,1989 (Deluxe),Taylor Swift,2014-01-01,216333,0,0.592,0.829,0.128,0.0,0.527,-17.932,0.589,0.15,78.828
377,I Wish You Would - Voice Memo,1989 (Deluxe),Taylor Swift,2014-01-01,107133,0,0.781,0.717,0.357,0.0,0.185,-16.394,0.912,0.645,118.317
378,Blank Space - Voice Memo,1989 (Deluxe),Taylor Swift,2014-01-01,131186,0,0.675,0.801,0.234,0.0,0.657,-15.064,0.721,0.578,127.296
379,...Ready For It?,reputation,Taylor Swift,2017-11-10,208186,74,0.613,0.0527,0.764,0.0,0.197,-6.509,0.136,0.417,160.015
380,End Game,reputation,Taylor Swift,2017-11-10,244826,72,0.649,0.00845,0.589,0.0,0.108,-6.237,0.0558,0.151,159.073
381,I Did Something Bad,reputation,Taylor Swift,2017-11-10,238253,74,0.696,0.0679,0.602,2.11e-05,0.0696,-6.156,0.159,0.305,82.989
382,Don’t Blame Me,reputation,Taylor Swift,2017-11-10,236413,75,0.615,0.106,0.534,1.76e-05,0.0607,-6.719,0.0386,0.193,135.917
383,Delicate,reputation,Taylor Swift,2017-11-10,232253,78,0.75,0.216,0.404,0.000357,0.0911,-10.178,0.0682,0.0499,95.045
384,Look What You Made Me Do,reputation,Taylor Swift,2017-11-10,211853,77,0.766,0.204,0.709,1.41e-05,0.126,-6.471,0.123,0.506,128.07
385,So It Goes...,reputation,Taylor Swift,2017-11-10,227906,66,0.574,0.122,0.61,1.1e-06,0.13,-7.283,0.0732,0.374,74.957
386,Gorgeous,reputation,Taylor Swift,2017-11-10,209680,72,0.8,0.0713,0.535,9.48e-06,0.213,-6.684,0.135,0.451,92.027
387,Getaway Car,reputation,Taylor Swift,2017-11-10,233626,76,0.562,0.00465,0.689,2.23e-06,0.0888,-6.745,0.127,0.351,172.054
388,King Of My Heart,reputation,Taylor Swift,2017-11-10,214320,69,0.675,0.00882,0.703,2.21e-06,0.0391,-7.902,0.0382,0.314,110.01
389,Dancing With Our Hands Tied,reputation,Taylor Swift,2017-11-10,211506,68,0.624,0.0604,0.691,1.1e-05,0.138,-6.686,0.196,0.284,160.024
390,Dress,reputation,Taylor Swift,2017-11-10,230373,71,0.719,0.0329,0.469,0.0,0.169,-8.792,0.0533,0.0851,120.085
391,This Is Why We Can't Have Nice Things,reputation,Taylor Swift,2017-11-10,207133,68,0.567,0.0156,0.789,0.0,0.382,-5.986,0.115,0.438,163.96
392,Call It What You Want,reputation,Taylor Swift,2017-11-10,203506,71,0.598,0.186,0.504,0.000221,0.34,-9.874,0.0731,0.252,163.954
393,New Year’s Day,reputation,Taylor Swift,2017-11-10,235466,67,0.661,0.921,0.151,0.0,0.13,-12.864,0.0354,0.23,94.922
394,I Forgot That You Existed,Lover,Taylor Swift,2019-08-23,170640,72,0.664,0.298,0.316,2.03e-06,0.0812,-10.345,0.519,0.541,92.875
395,Cruel Summer,Lover,Taylor Swift,2019-08-23,178426,77,0.552,0.117,0.702,2.06e-05,0.105,-5.707,0.157,0.564,169.994
396,Lover,Lover,Taylor Swift,2019-08-23,221306,80,0.359,0.492,0.543,1.58e-05,0.118,-7.582,0.0919,0.453,68.534
397,The Man,Lover,Taylor Swift,2019-08-23,190360,75,0.777,0.0767,0.658,0.0,0.0901,-5.191,0.054,0.633,110.048
398,The Archer,Lover,Taylor Swift,2019-08-23,211240,69,0.292,0.12,0.574,0.00569,0.0663,-9.375,0.0401,0.166,124.344
399,I Think He Knows,Lover,Taylor Swift,2019-08-23,173386,70,0.897,0.00889,0.366,0.000353,0.0715,-8.029,0.0569,0.416,100.003
400,Miss Americana & The Heartbreak Prince,Lover,Taylor Swift,2019-08-23,234146,70,0.662,0.028,0.747,0.00615,0.138,-6.926,0.0736,0.487,150.088
401,Paper Rings,Lover,Taylor Swift,2019-08-23,222400,76,0.811,0.0129,0.719,1.36e-05,0.0742,-6.553,0.0497,0.865,103.979
402,Cornelia Street,Lover,Taylor Swift,2019-08-23,287266,71,0.824,0.781,0.624,0.000189,0.1,-9.728,0.0827,0.248,102.012
403,Death By A Thousand Cuts,Lover,Taylor Swift,2019-08-23,198533,71,0.712,0.454,0.732,0.0,0.319,-6.754,0.0629,0.313,94.071
404,London Boy,Lover,Taylor Swift,2019-08-23,190240,72,0.695,0.0246,0.71,0.000104,0.133,-6.639,0.05,0.557,157.925
405,Soon You’ll Get Better (feat. The Chicks),Lover,Taylor Swift,2019-08-23,201586,65,0.433,0.907,0.182,0.0,0.123,-12.566,0.0641,0.421,207.476
406,False God,Lover,Taylor Swift,2019-08-23,200306,68,0.739,0.736,0.32,0.000147,0.111,-10.862,0.239,0.351,79.97
407,You Need To Calm Down,Lover,Taylor Swift,2019-08-23,171360,78,0.771,0.00929,0.671,0.0,0.0637,-5.617,0.0553,0.714,85.026
408,Afterglow,Lover,Taylor Swift,2019-08-23,223293,74,0.756,0.13,0.449,0.0,0.114,-8.746,0.0344,0.399,111.011
409,ME! (feat. Brendon Urie of Panic! At The Disco),Lover,Taylor Swift,2019-08-23,193000,77,0.61,0.033,0.83,0.0,0.118,-4.105,0.0571,0.728,182.162
410,It’s Nice To Have A Friend,Lover,Taylor Swift,2019-08-23,150440,65,0.737,0.971,0.175,0.000337,0.171,-9.912,0.0401,0.545,70.008
411,Daylight,Lover,Taylor Swift,2019-08-23,293453,68,0.557,0.808,0.496,0.000173,0.0772,-9.602,0.0563,0.265,149.983
412,the 1,folklore (deluxe version),Taylor Swift,2020-08-18,210240,64,0.78,0.75,0.361,7.14e-06,0.108,-6.942,0.048,0.163,139.902
413,cardigan,folklore (deluxe version),Taylor Swift,2020-08-18,239560,65,0.612,0.525,0.58,0.000414,0.26,-8.572,0.0419,0.534,130.045
414,the last great american dynasty,folklore (deluxe version),Taylor Swift,2020-08-18,231000,63,0.688,0.481,0.653,0.00414,0.106,-8.558,0.0403,0.701,147.991
415,exile (feat. Bon Iver),folklore (deluxe version),Taylor Swift,2020-08-18,285640,64,0.31,0.761,0.374,2.46e-05,0.11,-8.464,0.0275,0.16,75.938
416,my tears ricochet,folklore (deluxe version),Taylor Swift,2020-08-18,255893,64,0.456,0.814,0.265,0.0,0.0679,-10.663,0.0328,0.112,129.947
417,mirrorball,folklore (deluxe version),Taylor Swift,2020-08-18,208973,63,0.549,0.686,0.417,1.9e-06,0.0604,-10.064,0.035,0.347,110.137
418,seven,folklore (deluxe version),Taylor Swift,2020-08-18,208906,62,0.602,0.888,0.494,2.59e-05,0.0902,-10.813,0.0277,0.374,94.955
419,august,folklore (deluxe version),Taylor Swift,2020-08-18,261920,65,0.387,0.553,0.634,6.93e-05,0.0931,-9.222,0.0363,0.42,89.567
420,this is me trying,folklore (deluxe version),Taylor Swift,2020-08-18,195106,63,0.511,0.312,0.478,2.3e-05,0.147,-9.837,0.0322,0.408,135.882
421,illicit affairs,folklore (deluxe version),Taylor Swift,2020-08-18,190893,62,0.529,0.862,0.304,0.0,0.108,-10.567,0.0356,0.44,119.58
422,invisible string,folklore (deluxe version),Taylor Swift,2020-08-18,252880,62,0.651,0.859,0.459,6.63e-05,0.105,-11.128,0.0507,0.454,83.455
423,mad woman,folklore (deluxe version),Taylor Swift,2020-08-18,237266,61,0.593,0.67,0.7,6.77e-06,0.116,-9.016,0.0492,0.451,141.898
424,epiphany,folklore (deluxe version),Taylor Swift,2020-08-18,289746,60,0.317,0.727,0.254,0.000326,0.0867,-13.679,0.0286,0.103,93.933
425,betty,folklore (deluxe version),Taylor Swift,2020-08-18,294520,62,0.595,0.589,0.376,0.0,0.0989,-8.767,0.0256,0.476,95.946
426,peace,folklore (deluxe version),Taylor Swift,2020-08-18,234000,60,0.644,0.916,0.284,1.5e-05,0.0909,-12.879,0.0821,0.328,150.072
427,hoax,folklore (deluxe version),Taylor Swift,2020-08-18,220040,60,0.676,0.964,0.178,7.9e-06,0.135,-15.01,0.0394,0.404,118.84
428,the lakes - bonus track,folklore (deluxe version),Taylor Swift,2020-08-18,211813,65,0.313,0.842,0.258,1.3e-06,0.0948,-11.532,0.0383,0.268,179.947
429,willow,evermore (deluxe version),Taylor Swift,2021-01-07,214706,67,0.392,0.833,0.574,0.00179,0.145,-9.195,0.17,0.529,81.112
430,champagne problems,evermore (deluxe version),Taylor Swift,2021-01-07,244000,69,0.462,0.92,0.24,0.0,0.113,-12.077,0.0377,0.32,171.319
431,gold rush,evermore (deluxe version),Taylor Swift,2021-01-07,185320,66,0.512,0.83,0.462,0.166,0.121,-10.491,0.0408,0.353,112.05
432,‘tis the damn season,evermore (deluxe version),Taylor Swift,2021-01-07,229840,66,0.575,0.735,0.434,6.59e-05,0.105,-8.193,0.0312,0.348,145.916
433,tolerate it,evermore (deluxe version),Taylor Swift,2021-01-07,245440,66,0.316,0.878,0.361,2.67e-05,0.0797,-10.381,0.0488,0.221,74.952
434,"no body, no crime (feat. HAIM)",evermore (deluxe version),Taylor Swift,2021-01-07,215626,65,0.546,0.418,0.613,0.0,0.103,-7.589,0.0264,0.535,79.015
435,happiness,evermore (deluxe version),Taylor Swift,2021-01-07,315146,64,0.559,0.87,0.334,0.0,0.114,-10.733,0.0376,0.211,122.079
436,dorothea,evermore (deluxe version),Taylor Swift,2021-01-07,225880,64,0.605,0.696,0.488,0.0,0.129,-8.322,0.0264,0.354,119.966
437,coney island (feat. The National),evermore (deluxe version),Taylor Swift,2021-01-07,275320,64,0.537,0.819,0.537,0.000904,0.142,-11.266,0.0617,0.292,107.895
438,ivy,evermore (deluxe version),Taylor Swift,2021-01-07,260440,65,0.515,0.855,0.545,1.97e-05,0.0921,-9.277,0.0353,0.535,88.856
439,cowboy like me,evermore (deluxe version),Taylor Swift,2021-01-07,275040,64,0.604,0.768,0.517,0.000155,0.123,-9.014,0.0347,0.511,127.967
440,long story short,evermore (deluxe version),Taylor Swift,2021-01-07,215920,64,0.546,0.66,0.73,0.179,0.0972,-7.704,0.0417,0.573,157.895
441,marjorie,evermore (deluxe version),Taylor Swift,2021-01-07,257773,63,0.535,0.876,0.561,0.000136,0.115,-11.609,0.0484,0.287,96.103
442,closure,evermore (deluxe version),Taylor Swift,2021-01-07,180653,62,0.689,0.835,0.704,4.83e-06,0.134,-10.813,0.245,0.92,151.884
443,evermore (feat. Bon Iver),evermore (deluxe version),Taylor Swift,2021-01-07,304106,64,0.39,0.937,0.27,0.00227,0.111,-10.673,0.0308,0.32,125.177
444,right where you left me - bonus track,evermore (deluxe version),Taylor Swift,2021-01-07,245026,72,0.581,0.769,0.619,0.000106,0.117,-6.524,0.0282,0.645,137.915
445,it’s time to go - bonus track,evermore (deluxe version),Taylor Swift,2021-01-07,254640,68,0.592,0.801,0.41,1.39e-05,0.09,-12.426,0.0397,0.416,151.923
446,Fearless (Taylor’s Version),Fearless (Taylor's Version),Taylor Swift,2021-04-09,241591,69,0.569,0.0122,0.741,0.0,0.333,-4.963,0.0282,0.43,100.118
447,Fifteen (Taylor’s Version),Fearless (Taylor's Version),Taylor Swift,2021-04-09,294419,66,0.559,0.116,0.646,0.0,0.32,-4.61,0.0272,0.289,95.466
448,Love Story (Taylor’s Version),Fearless (Taylor's Version),Taylor Swift,2021-04-09,235766,74,0.627,0.13,0.792,3.97e-06,0.0845,-4.311,0.031,0.415,119.054
449,Hey Stephen (Taylor’s Version),Fearless (Taylor's Version),Taylor Swift,2021-04-09,254254,66,0.788,0.106,0.571,0.0,0.0934,-6.135,0.0296,0.797,115.99
450,White Horse (Taylor’s Version),Fearless (Taylor's Version),Taylor Swift,2021-04-09,234515,66,0.423,0.369,0.517,0.0,0.177,-7.377,0.0486,0.366,185.262
451,You Belong With Me (Taylor’s Version),Fearless (Taylor's Version),Taylor Swift,2021-04-09,231124,76,0.632,0.0623,0.773,0.0,0.0885,-4.856,0.0346,0.474,130.033
452,Breathe (feat. Colbie Caillat) (Taylor’s Version),Fearless (Taylor's Version),Taylor Swift,2021-04-09,263377,64,0.506,0.156,0.626,0.0,0.228,-6.066,0.0287,0.321,148.035
453,Tell Me Why (Taylor’s Version),Fearless (Taylor's Version),Taylor Swift,2021-04-09,200575,63,0.578,0.0222,0.909,0.0,0.333,-3.669,0.0628,0.541,100.023
454,You’re Not Sorry (Taylor’s Version),Fearless (Taylor's Version),Taylor Swift,2021-04-09,261842,64,0.506,0.0538,0.444,0.0,0.123,-4.99,0.0285,0.241,133.873
455,The Way I Loved You (Taylor’s Version),Fearless (Taylor's Version),Taylor Swift,2021-04-09,243136,74,0.402,0.0033,0.732,0.0,0.108,-4.665,0.0484,0.472,161.032
456,Forever & Always (Taylor’s Version),Fearless (Taylor's Version),Taylor Swift,2021-04-09,225328,67,0.598,0.0231,0.821,0.0,0.143,-4.433,0.0447,0.673,128.03
457,The Best Day (Taylor’s Version),Fearless (Taylor's Version),Taylor Swift,2021-04-09,245290,62,0.642,0.488,0.576,0.0,0.159,-8.524,0.0282,0.469,125.0
458,Change (Taylor’s Version),Fearless (Taylor's Version),Taylor Swift,2021-04-09,279359,61,0.499,0.000191,0.815,0.0,0.181,-4.063,0.0341,0.344,95.999
459,Jump Then Fall (Taylor’s Version),Fearless (Taylor's Version),Taylor Swift,2021-04-09,237580,62,0.572,0.0474,0.69,0.0,0.0897,-6.201,0.0358,0.624,160.111
460,Untouchable (Taylor’s Version),Fearless (Taylor's Version),Taylor Swift,2021-04-09,312107,62,0.393,0.0181,0.531,0.0,0.169,-6.112,0.0329,0.224,200.391
461,Forever & Always (Piano Version) (Taylor’s Version),Fearless (Taylor's Version),Taylor Swift,2021-04-09,267833,63,0.546,0.819,0.273,0.0,0.137,-9.208,0.0308,0.271,118.753
462,Come In With The Rain (Taylor’s Version),Fearless (Taylor's Version),Taylor Swift,2021-04-09,237338,61,0.476,0.0406,0.564,0.0,0.102,-5.677,0.0269,0.167,143.929
463,Superstar (Taylor’s Version),Fearless (Taylor's Version),Taylor Swift,2021-04-09,263865,60,0.454,0.157,0.555,0.0,0.343,-6.69,0.0283,0.171,171.862
464,The Other Side Of The Door (Taylor’s Version),Fearless (Taylor's Version),Taylor Swift,2021-04-09,238443,64,0.432,0.0279,0.873,0.0,0.167,-4.367,0.0577,0.629,163.936
465,Today Was A Fairytale (Taylor’s Version),Fearless (Taylor's Version),Taylor Swift,2021-04-09,241822,62,0.482,0.0135,0.779,0.0,0.296,-5.025,0.0409,0.328,158.162
466,You All Over Me (feat. Maren Morris) (Taylor’s Version) (From The Vault),Fearless (Taylor's Version),Taylor Swift,2021-04-09,220839,63,0.599,0.816,0.494,0.0,0.101,-7.61,0.0372,0.44,142.893
467,Mr. Perfectly Fine (Taylor’s Version) (From The Vault),Fearless (Taylor's Version),Taylor Swift,2021-04-09,277591,74,0.66,0.162,0.817,0.0,0.0667,-6.269,0.0521,0.714,135.942
468,We Were Happy (Taylor’s Version) (From The Vault),Fearless (Taylor's Version),Taylor Swift,2021-04-09,244236,65,0.609,0.849,0.373,0.0,0.0779,-8.819,0.0263,0.13,106.007
469,That’s When (feat. Keith Urban) (Taylor’s Version) (From The Vault),Fearless (Taylor's Version),Taylor Swift,2021-04-09,189495,67,0.588,0.225,0.608,0.0,0.092,-7.062,0.0365,0.508,90.201
470,Don’t You (Taylor’s Version) (From The Vault),Fearless (Taylor's Version),Taylor Swift,2021-04-09,208608,66,0.563,0.514,0.473,1.2e-05,0.109,-11.548,0.0503,0.405,101.934
471,Bye Bye Baby (Taylor’s Version) (From The Vault),Fearless (Taylor's Version),Taylor Swift,2021-04-09,242157,64,0.624,0.334,0.624,0.0,0.0995,-7.86,0.0539,0.527,80.132
